{
    "program": "blastp",
    "version": "BLASTP 2.16.0+",
    "command": "singularity exec $APPBIN/singularity/ncbiblast:2.16.0 /ncbiblast/bin/blastp -db &quot;uniprotkb_swissprot&quot; -query ncbiblast-I20241218-230209-0533-1923455-p1m.sequence  -num_threads 32 -outfmt 11 -out ncbiblast-I20241218-230209-0533-1923455-p1m.archive -matrix BLOSUM62 -max_target_seqs 50 -evalue 10 -max_hsps 100 -gapopen 11 -gapextend 1 -seg no -word_size 6 -comp_based_stats F",
    "query_def": "EMBOSS_001",
    "query_stype": "protein",
    "query_len": 61,
    "db_count": 1,
    "db_num": 572619,
    "db_len": 207431389,
    "dbs": [
        {
            "name": "uniprotkb_swissprot",
            "stype": "protein",
            "created": "2024-11-19T02:27:00+00:00"
        }
    ],
    "alignments": 50,
    "scores": 50,
    "expect_upper": 10.0,
    "filter": "F",
    "gap_extend": 1.0,
    "gap_open": 11.0,
    "matrix": "BLOSUM62",
    "start": "2024-12-18T23:02:09+00:00",
    "end": "2024-12-18T23:02:15+00:00",
    "search": "P0Y0M0DT0H0M6.000S",
    "hits": [
        {
            "hit_num": 1,
            "hit_def": "SP:P9WJK3 MVINL_MYCTU Probable peptidoglycan biosynthesis protein MviN OS=Mycobacterium tuberculosis (strain ATCC 25618 / H37Rv) OX=83332 GN=mviN PE=1 SV=1",
            "hit_db": "SP",
            "hit_id": "MVINL_MYCTU",
            "hit_acc": "P9WJK3",
            "hit_desc": "Probable peptidoglycan biosynthesis protein MviN OS=Mycobacterium tuberculosis (strain ATCC 25618 / H37Rv) OX=83332 GN=mviN PE=1 SV=1",
            "hit_url": "https://www.uniprot.org/uniprot/P9WJK3",
            "hit_xref_url": "https://www.ebi.ac.uk/ebisearch/search.ebi?db=uniprot&query=P9WJK3",
            "hit_dbfetch_url": "https://www.ebi.ac.uk/Tools/dbfetch/dbfetch?style=raw;db=uniprot;id=P9WJK3",
            "hit_os": "Mycobacterium tuberculosis (strain ATCC 25618 / H37Rv)",
            "hit_uni_de": "Probable peptidoglycan biosynthesis protein MviN",
            "hit_uni_os": "Mycobacterium tuberculosis (strain ATCC 25618 / H37Rv)",
            "hit_uni_ox": "83332",
            "hit_uni_gn": "mviN",
            "hit_uni_pe": "1",
            "hit_uni_sv": "1",
            "hit_len": 1184,
            "hit_hsps": [
                {
                    "hsp_num": 1,
                    "hsp_score": 60,
                    "hsp_bit_score": 27.7,
                    "hsp_expect": 5.8,
                    "hsp_align_len": 27,
                    "hsp_identity": 44.4,
                    "hsp_positive": 63.0,
                    "hsp_gaps": 0,
                    "hsp_query_frame": "0",
                    "hsp_hit_frame": "0",
                    "hsp_strand": "none/none",
                    "hsp_query_from": 4,
                    "hsp_query_to": 30,
                    "hsp_hit_from": 424,
                    "hsp_hit_to": 450,
                    "hsp_qseq": "SILMPHILTNSQMVYAYFGIAMSIDIL",
                    "hsp_mseq": "S+L PHI  + Q+V AY G+A  +  L",
                    "hsp_hseq": "SLLAPHITGDPQLVAAYLGLANGLGFL"
                }
            ]
        },
        {
            "hit_num": 2,
            "hit_def": "SP:P9WJK2 MVINL_MYCTO Probable peptidoglycan biosynthesis protein MviN OS=Mycobacterium tuberculosis (strain CDC 1551 / Oshkosh) OX=83331 GN=mviN PE=3 SV=1",
            "hit_db": "SP",
            "hit_id": "MVINL_MYCTO",
            "hit_acc": "P9WJK2",
            "hit_desc": "Probable peptidoglycan biosynthesis protein MviN OS=Mycobacterium tuberculosis (strain CDC 1551 / Oshkosh) OX=83331 GN=mviN PE=3 SV=1",
            "hit_url": "https://www.uniprot.org/uniprot/P9WJK2",
            "hit_xref_url": "https://www.ebi.ac.uk/ebisearch/search.ebi?db=uniprot&query=P9WJK2",
            "hit_dbfetch_url": "https://www.ebi.ac.uk/Tools/dbfetch/dbfetch?style=raw;db=uniprot;id=P9WJK2",
            "hit_os": "Mycobacterium tuberculosis (strain CDC 1551 / Oshkosh)",
            "hit_uni_de": "Probable peptidoglycan biosynthesis protein MviN",
            "hit_uni_os": "Mycobacterium tuberculosis (strain CDC 1551 / Oshkosh)",
            "hit_uni_ox": "83331",
            "hit_uni_gn": "mviN",
            "hit_uni_pe": "3",
            "hit_uni_sv": "1",
            "hit_len": 1184,
            "hit_hsps": [
                {
                    "hsp_num": 1,
                    "hsp_score": 60,
                    "hsp_bit_score": 27.7,
                    "hsp_expect": 5.8,
                    "hsp_align_len": 27,
                    "hsp_identity": 44.4,
                    "hsp_positive": 63.0,
                    "hsp_gaps": 0,
                    "hsp_query_frame": "0",
                    "hsp_hit_frame": "0",
                    "hsp_strand": "none/none",
                    "hsp_query_from": 4,
                    "hsp_query_to": 30,
                    "hsp_hit_from": 424,
                    "hsp_hit_to": 450,
                    "hsp_qseq": "SILMPHILTNSQMVYAYFGIAMSIDIL",
                    "hsp_mseq": "S+L PHI  + Q+V AY G+A  +  L",
                    "hsp_hseq": "SLLAPHITGDPQLVAAYLGLANGLGFL"
                }
            ]
        }
    ]
}