{
    "program": "blastp",
    "version": "BLASTP 2.16.0+",
    "command": "singularity exec $APPBIN/singularity/ncbiblast:2.16.0 /ncbiblast/bin/blastp -db &quot;uniprotkb_swissprot&quot; -query ncbiblast-I20241218-085934-0198-36849355-p1m.sequence  -num_threads 32 -outfmt 11 -out ncbiblast-I20241218-085934-0198-36849355-p1m.archive -matrix BLOSUM62 -max_target_seqs 50 -evalue 10 -max_hsps 100 -gapopen 11 -gapextend 1 -seg no -word_size 6 -comp_based_stats F",
    "query_def": "EMBOSS_001",
    "query_stype": "protein",
    "query_len": 54,
    "db_count": 1,
    "db_num": 572619,
    "db_len": 207431389,
    "dbs": [
        {
            "name": "uniprotkb_swissprot",
            "stype": "protein",
            "created": "2024-11-19T02:27:00+00:00"
        }
    ],
    "alignments": 50,
    "scores": 50,
    "expect_upper": 10.0,
    "filter": "F",
    "gap_extend": 1.0,
    "gap_open": 11.0,
    "matrix": "BLOSUM62",
    "start": "2024-12-18T08:59:35+00:00",
    "end": "2024-12-18T08:59:50+00:00",
    "search": "P0Y0M0DT0H0M15.000S",
    "hits": [
        {
            "hit_num": 1,
            "hit_def": "SP:Q9Z8K2 APBE_CHLPN FAD:protein FMN transferase OS=Chlamydia pneumoniae OX=83558 GN=apbE PE=3 SV=1",
            "hit_db": "SP",
            "hit_id": "APBE_CHLPN",
            "hit_acc": "Q9Z8K2",
            "hit_desc": "FAD:protein FMN transferase OS=Chlamydia pneumoniae OX=83558 GN=apbE PE=3 SV=1",
            "hit_url": "https://www.uniprot.org/uniprot/Q9Z8K2",
            "hit_xref_url": "https://www.ebi.ac.uk/ebisearch/search.ebi?db=uniprot&query=Q9Z8K2",
            "hit_dbfetch_url": "https://www.ebi.ac.uk/Tools/dbfetch/dbfetch?style=raw;db=uniprot;id=Q9Z8K2",
            "hit_os": "Chlamydia pneumoniae",
            "hit_uni_de": "FAD:protein FMN transferase",
            "hit_uni_os": "Chlamydia pneumoniae",
            "hit_uni_ox": "83558",
            "hit_uni_gn": "apbE",
            "hit_uni_pe": "3",
            "hit_uni_sv": "1",
            "hit_len": 314,
            "hit_hsps": [
                {
                    "hsp_num": 1,
                    "hsp_score": 60,
                    "hsp_bit_score": 27.7,
                    "hsp_expect": 4.2,
                    "hsp_align_len": 15,
                    "hsp_identity": 66.7,
                    "hsp_positive": 93.3,
                    "hsp_gaps": 0,
                    "hsp_query_frame": "0",
                    "hsp_hit_frame": "0",
                    "hsp_strand": "none/none",
                    "hsp_query_from": 12,
                    "hsp_query_to": 26,
                    "hsp_hit_from": 118,
                    "hsp_hit_to": 132,
                    "hsp_qseq": "LMTLWVLHLKTQSVP",
                    "hsp_mseq": "L TLW+LHLK+Q++P",
                    "hsp_hseq": "LKTLWLLHLKSQTLP"
                }
            ]
        },
        {
            "hit_num": 2,
            "hit_def": "SP:Q80UG8 TTLL4_MOUSE Tubulin monoglutamylase TTLL4 OS=Mus musculus OX=10090 GN=Ttll4 PE=1 SV=3",
            "hit_db": "SP",
            "hit_id": "TTLL4_MOUSE",
            "hit_acc": "Q80UG8",
            "hit_desc": "Tubulin monoglutamylase TTLL4 OS=Mus musculus OX=10090 GN=Ttll4 PE=1 SV=3",
            "hit_url": "https://www.uniprot.org/uniprot/Q80UG8",
            "hit_xref_url": "https://www.ebi.ac.uk/ebisearch/search.ebi?db=uniprot&query=Q80UG8",
            "hit_dbfetch_url": "https://www.ebi.ac.uk/Tools/dbfetch/dbfetch?style=raw;db=uniprot;id=Q80UG8",
            "hit_os": "Mus musculus",
            "hit_uni_de": "Tubulin monoglutamylase TTLL4",
            "hit_uni_os": "Mus musculus",
            "hit_uni_ox": "10090",
            "hit_uni_gn": "Ttll4",
            "hit_uni_pe": "1",
            "hit_uni_sv": "3",
            "hit_len": 1193,
            "hit_hsps": [
                {
                    "hsp_num": 1,
                    "hsp_score": 59,
                    "hsp_bit_score": 27.3,
                    "hsp_expect": 6.0,
                    "hsp_align_len": 29,
                    "hsp_identity": 34.5,
                    "hsp_positive": 51.7,
                    "hsp_gaps": 0,
                    "hsp_query_frame": "0",
                    "hsp_hit_frame": "0",
                    "hsp_strand": "none/none",
                    "hsp_query_from": 26,
                    "hsp_query_to": 54,
                    "hsp_hit_from": 84,
                    "hsp_hit_to": 112,
                    "hsp_qseq": "PSAVCGKVMAVVVINSANPCFSQLMHNRF",
                    "hsp_mseq": "PS +C      V+   +NPC+ Q + N F",
                    "hsp_hseq": "PSTLCSSGTTAVIAGHSNPCYLQSLPNLF"
                }
            ]
        }
    ]
}