{
    "program": "blastp",
    "version": "BLASTP 2.16.0+",
    "command": "singularity exec $APPBIN/singularity/ncbiblast:2.16.0 /ncbiblast/bin/blastp -db &quot;uniprotkb_swissprot&quot; -query ncbiblast-I20241218-090045-0005-72574092-p1m.sequence  -num_threads 32 -outfmt 11 -out ncbiblast-I20241218-090045-0005-72574092-p1m.archive -matrix BLOSUM62 -max_target_seqs 50 -evalue 10 -max_hsps 100 -gapopen 11 -gapextend 1 -seg no -word_size 6 -comp_based_stats F",
    "query_def": "EMBOSS_001",
    "query_stype": "protein",
    "query_len": 89,
    "db_count": 1,
    "db_num": 572619,
    "db_len": 207431389,
    "dbs": [
        {
            "name": "uniprotkb_swissprot",
            "stype": "protein",
            "created": "2024-11-19T02:27:00+00:00"
        }
    ],
    "alignments": 50,
    "scores": 50,
    "expect_upper": 10.0,
    "filter": "F",
    "gap_extend": 1.0,
    "gap_open": 11.0,
    "matrix": "BLOSUM62",
    "start": "2024-12-18T09:00:47+00:00",
    "end": "2024-12-18T09:03:10+00:00",
    "search": "P0Y0M0DT0H0M143.000S",
    "hits": [
        {
            "hit_num": 1,
            "hit_def": "SP:Q18892 EPG5_CAEEL Ectopic P granules protein 5 OS=Caenorhabditis elegans OX=6239 GN=epg-5 PE=1 SV=2",
            "hit_db": "SP",
            "hit_id": "EPG5_CAEEL",
            "hit_acc": "Q18892",
            "hit_desc": "Ectopic P granules protein 5 OS=Caenorhabditis elegans OX=6239 GN=epg-5 PE=1 SV=2",
            "hit_url": "https://www.uniprot.org/uniprot/Q18892",
            "hit_xref_url": "https://www.ebi.ac.uk/ebisearch/search.ebi?db=uniprot&query=Q18892",
            "hit_dbfetch_url": "https://www.ebi.ac.uk/Tools/dbfetch/dbfetch?style=raw;db=uniprot;id=Q18892",
            "hit_os": "Caenorhabditis elegans",
            "hit_uni_de": "Ectopic P granules protein 5",
            "hit_uni_os": "Caenorhabditis elegans",
            "hit_uni_ox": "6239",
            "hit_uni_gn": "epg-5",
            "hit_uni_pe": "1",
            "hit_uni_sv": "2",
            "hit_len": 2352,
            "hit_hsps": [
                {
                    "hsp_num": 1,
                    "hsp_score": 66,
                    "hsp_bit_score": 30.0,
                    "hsp_expect": 2.4,
                    "hsp_align_len": 29,
                    "hsp_identity": 44.8,
                    "hsp_positive": 55.2,
                    "hsp_gaps": 0,
                    "hsp_query_frame": "0",
                    "hsp_hit_frame": "0",
                    "hsp_strand": "none/none",
                    "hsp_query_from": 6,
                    "hsp_query_to": 34,
                    "hsp_hit_from": 1624,
                    "hsp_hit_to": 1652,
                    "hsp_qseq": "LILQPELNYPLHTLILSHVVFITLTKFSD",
                    "hsp_mseq": "L  QP+ + PLH L L HV+F     F D",
                    "hsp_hseq": "LASQPDPSSPLHALCLQHVIFFVFHHFPD"
                }
            ]
        }
    ]
}