{
    "program": "blastp",
    "version": "BLASTP 2.16.0+",
    "command": "singularity exec $APPBIN/singularity/ncbiblast:2.16.0 /ncbiblast/bin/blastp -db &quot;uniprotkb_swissprot&quot; -query ncbiblast-I20241218-090736-0269-52731070-p1m.sequence  -num_threads 32 -outfmt 11 -out ncbiblast-I20241218-090736-0269-52731070-p1m.archive -matrix BLOSUM62 -max_target_seqs 50 -evalue 10 -max_hsps 100 -gapopen 11 -gapextend 1 -seg no -word_size 6 -comp_based_stats F",
    "query_def": "EMBOSS_001",
    "query_stype": "protein",
    "query_len": 55,
    "db_count": 1,
    "db_num": 572619,
    "db_len": 207431389,
    "dbs": [
        {
            "name": "uniprotkb_swissprot",
            "stype": "protein",
            "created": "2024-11-19T02:27:00+00:00"
        }
    ],
    "alignments": 50,
    "scores": 50,
    "expect_upper": 10.0,
    "filter": "F",
    "gap_extend": 1.0,
    "gap_open": 11.0,
    "matrix": "BLOSUM62",
    "start": "2024-12-18T09:07:36+00:00",
    "end": "2024-12-18T09:07:41+00:00",
    "search": "P0Y0M0DT0H0M5.000S",
    "hits": [
        {
            "hit_num": 1,
            "hit_def": "SP:Q57XX3 ATAT_TRYB2 Alpha-tubulin N-acetyltransferase OS=Trypanosoma brucei brucei (strain 927/4 GUTat10.1) OX=185431 GN=Tb927.3.1400 PE=3 SV=1",
            "hit_db": "SP",
            "hit_id": "ATAT_TRYB2",
            "hit_acc": "Q57XX3",
            "hit_desc": "Alpha-tubulin N-acetyltransferase OS=Trypanosoma brucei brucei (strain 927/4 GUTat10.1) OX=185431 GN=Tb927.3.1400 PE=3 SV=1",
            "hit_url": "https://www.uniprot.org/uniprot/Q57XX3",
            "hit_xref_url": "https://www.ebi.ac.uk/ebisearch/search.ebi?db=uniprot&query=Q57XX3",
            "hit_dbfetch_url": "https://www.ebi.ac.uk/Tools/dbfetch/dbfetch?style=raw;db=uniprot;id=Q57XX3",
            "hit_os": "Trypanosoma brucei brucei (strain 927/4 GUTat10.1)",
            "hit_uni_de": "Alpha-tubulin N-acetyltransferase",
            "hit_uni_os": "Trypanosoma brucei brucei (strain 927/4 GUTat10.1)",
            "hit_uni_ox": "185431",
            "hit_uni_gn": "Tb927.3.1400",
            "hit_uni_pe": "3",
            "hit_uni_sv": "1",
            "hit_len": 334,
            "hit_hsps": [
                {
                    "hsp_num": 1,
                    "hsp_score": 60,
                    "hsp_bit_score": 27.7,
                    "hsp_expect": 4.4,
                    "hsp_align_len": 16,
                    "hsp_identity": 56.2,
                    "hsp_positive": 81.2,
                    "hsp_gaps": 0,
                    "hsp_query_frame": "0",
                    "hsp_hit_frame": "0",
                    "hsp_strand": "none/none",
                    "hsp_query_from": 30,
                    "hsp_query_to": 45,
                    "hsp_hit_from": 180,
                    "hsp_hit_to": 195,
                    "hsp_qseq": "LIFHKYYQIHQNQARG",
                    "hsp_mseq": "++FHKY++ HQ Q RG",
                    "hsp_hseq": "VVFHKYFERHQQQRRG"
                }
            ]
        }
    ]
}