{
    "program": "blastp",
    "version": "BLASTP 2.16.0+",
    "command": "singularity exec $APPBIN/singularity/ncbiblast:2.16.0 /ncbiblast/bin/blastp -db &quot;uniprotkb_swissprot&quot; -query ncbiblast-I20241218-090819-0963-60218089-p1m.sequence  -num_threads 32 -outfmt 11 -out ncbiblast-I20241218-090819-0963-60218089-p1m.archive -matrix BLOSUM62 -max_target_seqs 50 -evalue 10 -max_hsps 100 -gapopen 11 -gapextend 1 -seg no -word_size 6 -comp_based_stats F",
    "query_def": "EMBOSS_001",
    "query_stype": "protein",
    "query_len": 57,
    "db_count": 1,
    "db_num": 572619,
    "db_len": 207431389,
    "dbs": [
        {
            "name": "uniprotkb_swissprot",
            "stype": "protein",
            "created": "2024-11-19T02:27:00+00:00"
        }
    ],
    "alignments": 50,
    "scores": 50,
    "expect_upper": 10.0,
    "filter": "F",
    "gap_extend": 1.0,
    "gap_open": 11.0,
    "matrix": "BLOSUM62",
    "start": "2024-12-18T09:08:20+00:00",
    "end": "2024-12-18T09:08:25+00:00",
    "search": "P0Y0M0DT0H0M5.000S",
    "hits": [
        {
            "hit_num": 1,
            "hit_def": "SP:P40533 TED1_YEAST Protein TED1 OS=Saccharomyces cerevisiae (strain ATCC 204508 / S288c) OX=559292 GN=TED1 PE=1 SV=1",
            "hit_db": "SP",
            "hit_id": "TED1_YEAST",
            "hit_acc": "P40533",
            "hit_desc": "Protein TED1 OS=Saccharomyces cerevisiae (strain ATCC 204508 / S288c) OX=559292 GN=TED1 PE=1 SV=1",
            "hit_url": "https://www.uniprot.org/uniprot/P40533",
            "hit_xref_url": "https://www.ebi.ac.uk/ebisearch/search.ebi?db=uniprot&query=P40533",
            "hit_dbfetch_url": "https://www.ebi.ac.uk/Tools/dbfetch/dbfetch?style=raw;db=uniprot;id=P40533",
            "hit_os": "Saccharomyces cerevisiae (strain ATCC 204508 / S288c)",
            "hit_uni_de": "Protein TED1",
            "hit_uni_os": "Saccharomyces cerevisiae (strain ATCC 204508 / S288c)",
            "hit_uni_ox": "559292",
            "hit_uni_gn": "TED1",
            "hit_uni_pe": "1",
            "hit_uni_sv": "1",
            "hit_len": 473,
            "hit_hsps": [
                {
                    "hsp_num": 1,
                    "hsp_score": 67,
                    "hsp_bit_score": 30.4,
                    "hsp_expect": 0.53,
                    "hsp_align_len": 27,
                    "hsp_identity": 40.7,
                    "hsp_positive": 66.7,
                    "hsp_gaps": 0,
                    "hsp_query_frame": "0",
                    "hsp_hit_frame": "0",
                    "hsp_strand": "none/none",
                    "hsp_query_from": 29,
                    "hsp_query_to": 55,
                    "hsp_hit_from": 197,
                    "hsp_hit_to": 223,
                    "hsp_qseq": "KESNYITHKRTYGFVYENLHNWNCNFE",
                    "hsp_mseq": "KE+     + ++GF YEN+H+WN + E",
                    "hsp_hseq": "KENEADNQELSFGFGYENIHSWNPDLE"
                }
            ]
        }
    ]
}