{
    "program": "blastp",
    "version": "BLASTP 2.16.0+",
    "command": "singularity exec $APPBIN/singularity/ncbiblast:2.16.0 /ncbiblast/bin/blastp -db &quot;uniprotkb_swissprot&quot; -query ncbiblast-I20241218-080656-0259-74960659-p1m.sequence  -num_threads 32 -outfmt 11 -out ncbiblast-I20241218-080656-0259-74960659-p1m.archive -matrix BLOSUM62 -max_target_seqs 50 -evalue 10 -max_hsps 100 -gapopen 11 -gapextend 1 -seg no -word_size 6 -comp_based_stats F",
    "query_def": "EMBOSS_001",
    "query_stype": "protein",
    "query_len": 78,
    "db_count": 1,
    "db_num": 572619,
    "db_len": 207431389,
    "dbs": [
        {
            "name": "uniprotkb_swissprot",
            "stype": "protein",
            "created": "2024-11-19T02:27:00+00:00"
        }
    ],
    "alignments": 50,
    "scores": 50,
    "expect_upper": 10.0,
    "filter": "F",
    "gap_extend": 1.0,
    "gap_open": 11.0,
    "matrix": "BLOSUM62",
    "start": "2024-12-18T08:06:56+00:00",
    "end": "2024-12-18T08:07:06+00:00",
    "search": "P0Y0M0DT0H0M10.000S",
    "hits": [
        {
            "hit_num": 1,
            "hit_def": "SP:Q08278 MED7_YEAST Mediator of RNA polymerase II transcription subunit 7 OS=Saccharomyces cerevisiae (strain ATCC 204508 / S288c) OX=559292 GN=MED7 PE=1 SV=1",
            "hit_db": "SP",
            "hit_id": "MED7_YEAST",
            "hit_acc": "Q08278",
            "hit_desc": "Mediator of RNA polymerase II transcription subunit 7 OS=Saccharomyces cerevisiae (strain ATCC 204508 / S288c) OX=559292 GN=MED7 PE=1 SV=1",
            "hit_url": "https://www.uniprot.org/uniprot/Q08278",
            "hit_xref_url": "https://www.ebi.ac.uk/ebisearch/search.ebi?db=uniprot&query=Q08278",
            "hit_dbfetch_url": "https://www.ebi.ac.uk/Tools/dbfetch/dbfetch?style=raw;db=uniprot;id=Q08278",
            "hit_os": "Saccharomyces cerevisiae (strain ATCC 204508 / S288c)",
            "hit_uni_de": "Mediator of RNA polymerase II transcription subunit 7",
            "hit_uni_os": "Saccharomyces cerevisiae (strain ATCC 204508 / S288c)",
            "hit_uni_ox": "559292",
            "hit_uni_gn": "MED7",
            "hit_uni_pe": "1",
            "hit_uni_sv": "1",
            "hit_len": 222,
            "hit_hsps": [
                {
                    "hsp_num": 1,
                    "hsp_score": 63,
                    "hsp_bit_score": 28.9,
                    "hsp_expect": 3.8,
                    "hsp_align_len": 23,
                    "hsp_identity": 43.5,
                    "hsp_positive": 69.6,
                    "hsp_gaps": 0,
                    "hsp_query_frame": "0",
                    "hsp_hit_frame": "0",
                    "hsp_strand": "none/none",
                    "hsp_query_from": 6,
                    "hsp_query_to": 28,
                    "hsp_hit_from": 156,
                    "hsp_hit_to": 178,
                    "hsp_qseq": "VAVHYMLNQVEPHQEMPQLLMLI",
                    "hsp_mseq": "V +H++LN+  PHQ    L+ML+",
                    "hsp_hseq": "VNIHHLLNEYRPHQSRESLIMLL"
                }
            ]
        },
        {
            "hit_num": 2,
            "hit_def": "SP:Q6FVI8 MED7_CANGA Mediator of RNA polymerase II transcription subunit 7 OS=Candida glabrata (strain ATCC 2001 / BCRC 20586 / JCM 3761 / NBRC 0622 / NRRL Y-65 / CBS 138) OX=284593 GN=MED7 PE=3 SV=1",
            "hit_db": "SP",
            "hit_id": "MED7_CANGA",
            "hit_acc": "Q6FVI8",
            "hit_desc": "Mediator of RNA polymerase II transcription subunit 7 OS=Candida glabrata (strain ATCC 2001 / BCRC 20586 / JCM 3761 / NBRC 0622 / NRRL Y-65 / CBS 138) OX=284593 GN=MED7 PE=3 SV=1",
            "hit_url": "https://www.uniprot.org/uniprot/Q6FVI8",
            "hit_xref_url": "https://www.ebi.ac.uk/ebisearch/search.ebi?db=uniprot&query=Q6FVI8",
            "hit_dbfetch_url": "https://www.ebi.ac.uk/Tools/dbfetch/dbfetch?style=raw;db=uniprot;id=Q6FVI8",
            "hit_os": "Candida glabrata (strain ATCC 2001 / BCRC 20586 / JCM 3761 / NBRC 0622 / NRRL Y-65 / CBS 138)",
            "hit_uni_de": "Mediator of RNA polymerase II transcription subunit 7",
            "hit_uni_os": "Candida glabrata (strain ATCC 2001 / BCRC 20586 / JCM 3761 / NBRC 0622 / NRRL Y-65 / CBS 138)",
            "hit_uni_ox": "284593",
            "hit_uni_gn": "MED7",
            "hit_uni_pe": "3",
            "hit_uni_sv": "1",
            "hit_len": 230,
            "hit_hsps": [
                {
                    "hsp_num": 1,
                    "hsp_score": 63,
                    "hsp_bit_score": 28.9,
                    "hsp_expect": 3.8,
                    "hsp_align_len": 23,
                    "hsp_identity": 43.5,
                    "hsp_positive": 69.6,
                    "hsp_gaps": 0,
                    "hsp_query_frame": "0",
                    "hsp_hit_frame": "0",
                    "hsp_strand": "none/none",
                    "hsp_query_from": 6,
                    "hsp_query_to": 28,
                    "hsp_hit_from": 148,
                    "hsp_hit_to": 170,
                    "hsp_qseq": "VAVHYMLNQVEPHQEMPQLLMLI",
                    "hsp_mseq": "V +H++LN+  PHQ    L+ML+",
                    "hsp_hseq": "VNIHHLLNEYRPHQSRESLIMLL"
                }
            ]
        },
        {
            "hit_num": 3,
            "hit_def": "SP:Q75AV2 MED7_EREGS Mediator of RNA polymerase II transcription subunit 7 OS=Eremothecium gossypii (strain ATCC 10895 / CBS 109.51 / FGSC 9923 / NRRL Y-1056) OX=284811 GN=MED7 PE=3 SV=1",
            "hit_db": "SP",
            "hit_id": "MED7_EREGS",
            "hit_acc": "Q75AV2",
            "hit_desc": "Mediator of RNA polymerase II transcription subunit 7 OS=Eremothecium gossypii (strain ATCC 10895 / CBS 109.51 / FGSC 9923 / NRRL Y-1056) OX=284811 GN=MED7 PE=3 SV=1",
            "hit_url": "https://www.uniprot.org/uniprot/Q75AV2",
            "hit_xref_url": "https://www.ebi.ac.uk/ebisearch/search.ebi?db=uniprot&query=Q75AV2",
            "hit_dbfetch_url": "https://www.ebi.ac.uk/Tools/dbfetch/dbfetch?style=raw;db=uniprot;id=Q75AV2",
            "hit_os": "Eremothecium gossypii (strain ATCC 10895 / CBS 109.51 / FGSC 9923 / NRRL Y-1056)",
            "hit_uni_de": "Mediator of RNA polymerase II transcription subunit 7",
            "hit_uni_os": "Eremothecium gossypii (strain ATCC 10895 / CBS 109.51 / FGSC 9923 / NRRL Y-1056)",
            "hit_uni_ox": "284811",
            "hit_uni_gn": "MED7",
            "hit_uni_pe": "3",
            "hit_uni_sv": "1",
            "hit_len": 199,
            "hit_hsps": [
                {
                    "hsp_num": 1,
                    "hsp_score": 61,
                    "hsp_bit_score": 28.1,
                    "hsp_expect": 7.0,
                    "hsp_align_len": 21,
                    "hsp_identity": 42.9,
                    "hsp_positive": 71.4,
                    "hsp_gaps": 0,
                    "hsp_query_frame": "0",
                    "hsp_hit_frame": "0",
                    "hsp_strand": "none/none",
                    "hsp_query_from": 8,
                    "hsp_query_to": 28,
                    "hsp_hit_from": 143,
                    "hsp_hit_to": 163,
                    "hsp_qseq": "VHYMLNQVEPHQEMPQLLMLI",
                    "hsp_mseq": "+H++LN+  PHQ    L+ML+",
                    "hsp_hseq": "IHHLLNEYRPHQSRESLIMLL"
                }
            ]
        },
        {
            "hit_num": 4,
            "hit_def": "SP:Q6CP69 MED7_KLULA Mediator of RNA polymerase II transcription subunit 7 OS=Kluyveromyces lactis (strain ATCC 8585 / CBS 2359 / DSM 70799 / NBRC 1267 / NRRL Y-1140 / WM37) OX=284590 GN=MED7 PE=3 SV=1",
            "hit_db": "SP",
            "hit_id": "MED7_KLULA",
            "hit_acc": "Q6CP69",
            "hit_desc": "Mediator of RNA polymerase II transcription subunit 7 OS=Kluyveromyces lactis (strain ATCC 8585 / CBS 2359 / DSM 70799 / NBRC 1267 / NRRL Y-1140 / WM37) OX=284590 GN=MED7 PE=3 SV=1",
            "hit_url": "https://www.uniprot.org/uniprot/Q6CP69",
            "hit_xref_url": "https://www.ebi.ac.uk/ebisearch/search.ebi?db=uniprot&query=Q6CP69",
            "hit_dbfetch_url": "https://www.ebi.ac.uk/Tools/dbfetch/dbfetch?style=raw;db=uniprot;id=Q6CP69",
            "hit_os": "Kluyveromyces lactis (strain ATCC 8585 / CBS 2359 / DSM 70799 / NBRC 1267 / NRRL Y-1140 / WM37)",
            "hit_uni_de": "Mediator of RNA polymerase II transcription subunit 7",
            "hit_uni_os": "Kluyveromyces lactis (strain ATCC 8585 / CBS 2359 / DSM 70799 / NBRC 1267 / NRRL Y-1140 / WM37)",
            "hit_uni_ox": "284590",
            "hit_uni_gn": "MED7",
            "hit_uni_pe": "3",
            "hit_uni_sv": "1",
            "hit_len": 213,
            "hit_hsps": [
                {
                    "hsp_num": 1,
                    "hsp_score": 60,
                    "hsp_bit_score": 27.7,
                    "hsp_expect": 9.7,
                    "hsp_align_len": 22,
                    "hsp_identity": 40.9,
                    "hsp_positive": 68.2,
                    "hsp_gaps": 0,
                    "hsp_query_frame": "0",
                    "hsp_hit_frame": "0",
                    "hsp_strand": "none/none",
                    "hsp_query_from": 6,
                    "hsp_query_to": 27,
                    "hsp_hit_from": 163,
                    "hsp_hit_to": 184,
                    "hsp_qseq": "VAVHYMLNQVEPHQEMPQLLML",
                    "hsp_mseq": "+ +H++LN+  PHQ    L+ML",
                    "hsp_hseq": "INIHHLLNEYRPHQSRESLIML"
                }
            ]
        }
    ]
}