{
    "program": "blastp",
    "version": "BLASTP 2.16.0+",
    "command": "singularity exec $APPBIN/singularity/ncbiblast:2.16.0 /ncbiblast/bin/blastp -db &quot;uniprotkb_swissprot&quot; -query ncbiblast-I20241218-224335-0029-20722115-p1m.sequence  -num_threads 32 -outfmt 11 -out ncbiblast-I20241218-224335-0029-20722115-p1m.archive -matrix BLOSUM62 -max_target_seqs 50 -evalue 10 -max_hsps 100 -gapopen 11 -gapextend 1 -seg no -word_size 6 -comp_based_stats F",
    "query_def": "EMBOSS_001",
    "query_stype": "protein",
    "query_len": 55,
    "db_count": 1,
    "db_num": 572619,
    "db_len": 207431389,
    "dbs": [
        {
            "name": "uniprotkb_swissprot",
            "stype": "protein",
            "created": "2024-11-19T02:27:00+00:00"
        }
    ],
    "alignments": 50,
    "scores": 50,
    "expect_upper": 10.0,
    "filter": "F",
    "gap_extend": 1.0,
    "gap_open": 11.0,
    "matrix": "BLOSUM62",
    "start": "2024-12-18T22:43:35+00:00",
    "end": "2024-12-18T22:43:39+00:00",
    "search": "P0Y0M0DT0H0M4.000S",
    "hits": [
        {
            "hit_num": 1,
            "hit_def": "SP:P0DTC1 R1A_SARS2 Replicase polyprotein 1a OS=Severe acute respiratory syndrome coronavirus 2 OX=2697049 PE=1 SV=1",
            "hit_db": "SP",
            "hit_id": "R1A_SARS2",
            "hit_acc": "P0DTC1",
            "hit_desc": "Replicase polyprotein 1a OS=Severe acute respiratory syndrome coronavirus 2 OX=2697049 PE=1 SV=1",
            "hit_url": "https://www.uniprot.org/uniprot/P0DTC1",
            "hit_xref_url": "https://www.ebi.ac.uk/ebisearch/search.ebi?db=uniprot&query=P0DTC1",
            "hit_dbfetch_url": "https://www.ebi.ac.uk/Tools/dbfetch/dbfetch?style=raw;db=uniprot;id=P0DTC1",
            "hit_os": "Severe acute respiratory syndrome coronavirus 2",
            "hit_uni_de": "Replicase polyprotein 1a",
            "hit_uni_os": "Severe acute respiratory syndrome coronavirus 2",
            "hit_uni_ox": "2697049",
            "hit_uni_pe": "1",
            "hit_uni_sv": "1",
            "hit_len": 4405,
            "hit_hsps": [
                {
                    "hsp_num": 1,
                    "hsp_score": 134,
                    "hsp_bit_score": 56.2,
                    "hsp_expect": 3.5e-10,
                    "hsp_align_len": 27,
                    "hsp_identity": 96.3,
                    "hsp_positive": 96.3,
                    "hsp_gaps": 0,
                    "hsp_query_frame": "0",
                    "hsp_hit_frame": "0",
                    "hsp_strand": "none/none",
                    "hsp_query_from": 13,
                    "hsp_query_to": 39,
                    "hsp_hit_from": 1119,
                    "hsp_hit_to": 1145,
                    "hsp_qseq": "GPNVNKGEDIQLLKSAYENFNQHEVHL",
                    "hsp_mseq": "GPNVNKGEDIQLLKSAYENFNQHEV L",
                    "hsp_hseq": "GPNVNKGEDIQLLKSAYENFNQHEVLL"
                }
            ]
        },
        {
            "hit_num": 2,
            "hit_def": "SP:P0DTD1 R1AB_SARS2 Replicase polyprotein 1ab OS=Severe acute respiratory syndrome coronavirus 2 OX=2697049 GN=rep PE=1 SV=1",
            "hit_db": "SP",
            "hit_id": "R1AB_SARS2",
            "hit_acc": "P0DTD1",
            "hit_desc": "Replicase polyprotein 1ab OS=Severe acute respiratory syndrome coronavirus 2 OX=2697049 GN=rep PE=1 SV=1",
            "hit_url": "https://www.uniprot.org/uniprot/P0DTD1",
            "hit_xref_url": "https://www.ebi.ac.uk/ebisearch/search.ebi?db=uniprot&query=P0DTD1",
            "hit_dbfetch_url": "https://www.ebi.ac.uk/Tools/dbfetch/dbfetch?style=raw;db=uniprot;id=P0DTD1",
            "hit_os": "Severe acute respiratory syndrome coronavirus 2",
            "hit_uni_de": "Replicase polyprotein 1ab",
            "hit_uni_os": "Severe acute respiratory syndrome coronavirus 2",
            "hit_uni_ox": "2697049",
            "hit_uni_gn": "rep",
            "hit_uni_pe": "1",
            "hit_uni_sv": "1",
            "hit_len": 7096,
            "hit_hsps": [
                {
                    "hsp_num": 1,
                    "hsp_score": 134,
                    "hsp_bit_score": 56.2,
                    "hsp_expect": 3.5e-10,
                    "hsp_align_len": 27,
                    "hsp_identity": 96.3,
                    "hsp_positive": 96.3,
                    "hsp_gaps": 0,
                    "hsp_query_frame": "0",
                    "hsp_hit_frame": "0",
                    "hsp_strand": "none/none",
                    "hsp_query_from": 13,
                    "hsp_query_to": 39,
                    "hsp_hit_from": 1119,
                    "hsp_hit_to": 1145,
                    "hsp_qseq": "GPNVNKGEDIQLLKSAYENFNQHEVHL",
                    "hsp_mseq": "GPNVNKGEDIQLLKSAYENFNQHEV L",
                    "hsp_hseq": "GPNVNKGEDIQLLKSAYENFNQHEVLL"
                }
            ]
        },
        {
            "hit_num": 3,
            "hit_def": "SP:P0C6T7 R1A_BCRP3 Replicase polyprotein 1a OS=Bat coronavirus Rp3/2004 OX=349344 GN=1a PE=3 SV=1",
            "hit_db": "SP",
            "hit_id": "R1A_BCRP3",
            "hit_acc": "P0C6T7",
            "hit_desc": "Replicase polyprotein 1a OS=Bat coronavirus Rp3/2004 OX=349344 GN=1a PE=3 SV=1",
            "hit_url": "https://www.uniprot.org/uniprot/P0C6T7",
            "hit_xref_url": "https://www.ebi.ac.uk/ebisearch/search.ebi?db=uniprot&query=P0C6T7",
            "hit_dbfetch_url": "https://www.ebi.ac.uk/Tools/dbfetch/dbfetch?style=raw;db=uniprot;id=P0C6T7",
            "hit_os": "Bat coronavirus Rp3/2004",
            "hit_uni_de": "Replicase polyprotein 1a",
            "hit_uni_os": "Bat coronavirus Rp3/2004",
            "hit_uni_ox": "349344",
            "hit_uni_gn": "1a",
            "hit_uni_pe": "3",
            "hit_uni_sv": "1",
            "hit_len": 4380,
            "hit_hsps": [
                {
                    "hsp_num": 1,
                    "hsp_score": 105,
                    "hsp_bit_score": 45.1,
                    "hsp_expect": 3.1e-06,
                    "hsp_align_len": 27,
                    "hsp_identity": 70.4,
                    "hsp_positive": 85.2,
                    "hsp_gaps": 0,
                    "hsp_query_frame": "0",
                    "hsp_hit_frame": "0",
                    "hsp_strand": "none/none",
                    "hsp_query_from": 13,
                    "hsp_query_to": 39,
                    "hsp_hit_from": 1095,
                    "hsp_hit_to": 1121,
                    "hsp_qseq": "GPNVNKGEDIQLLKSAYENFNQHEVHL",
                    "hsp_mseq": "GPN+N GEDIQLLK+AYENFN  ++ L",
                    "hsp_hseq": "GPNLNAGEDIQLLKAAYENFNSQDILL"
                }
            ]
        },
        {
            "hit_num": 4,
            "hit_def": "SP:P0C6U8 R1A_SARS Replicase polyprotein 1a OS=Severe acute respiratory syndrome coronavirus OX=694009 GN=1a PE=1 SV=1",
            "hit_db": "SP",
            "hit_id": "R1A_SARS",
            "hit_acc": "P0C6U8",
            "hit_desc": "Replicase polyprotein 1a OS=Severe acute respiratory syndrome coronavirus OX=694009 GN=1a PE=1 SV=1",
            "hit_url": "https://www.uniprot.org/uniprot/P0C6U8",
            "hit_xref_url": "https://www.ebi.ac.uk/ebisearch/search.ebi?db=uniprot&query=P0C6U8",
            "hit_dbfetch_url": "https://www.ebi.ac.uk/Tools/dbfetch/dbfetch?style=raw;db=uniprot;id=P0C6U8",
            "hit_os": "Severe acute respiratory syndrome coronavirus",
            "hit_uni_de": "Replicase polyprotein 1a",
            "hit_uni_os": "Severe acute respiratory syndrome coronavirus",
            "hit_uni_ox": "694009",
            "hit_uni_gn": "1a",
            "hit_uni_pe": "1",
            "hit_uni_sv": "1",
            "hit_len": 4382,
            "hit_hsps": [
                {
                    "hsp_num": 1,
                    "hsp_score": 105,
                    "hsp_bit_score": 45.1,
                    "hsp_expect": 3.1e-06,
                    "hsp_align_len": 27,
                    "hsp_identity": 70.4,
                    "hsp_positive": 85.2,
                    "hsp_gaps": 0,
                    "hsp_query_frame": "0",
                    "hsp_hit_frame": "0",
                    "hsp_strand": "none/none",
                    "hsp_query_from": 13,
                    "hsp_query_to": 39,
                    "hsp_hit_from": 1097,
                    "hsp_hit_to": 1123,
                    "hsp_qseq": "GPNVNKGEDIQLLKSAYENFNQHEVHL",
                    "hsp_mseq": "GPN+N GEDIQLLK+AYENFN  ++ L",
                    "hsp_hseq": "GPNLNAGEDIQLLKAAYENFNSQDILL"
                }
            ]
        },
        {
            "hit_num": 5,
            "hit_def": "SP:P0C6W6 R1AB_BCRP3 Replicase polyprotein 1ab OS=Bat coronavirus Rp3/2004 OX=349344 GN=rep PE=3 SV=1",
            "hit_db": "SP",
            "hit_id": "R1AB_BCRP3",
            "hit_acc": "P0C6W6",
            "hit_desc": "Replicase polyprotein 1ab OS=Bat coronavirus Rp3/2004 OX=349344 GN=rep PE=3 SV=1",
            "hit_url": "https://www.uniprot.org/uniprot/P0C6W6",
            "hit_xref_url": "https://www.ebi.ac.uk/ebisearch/search.ebi?db=uniprot&query=P0C6W6",
            "hit_dbfetch_url": "https://www.ebi.ac.uk/Tools/dbfetch/dbfetch?style=raw;db=uniprot;id=P0C6W6",
            "hit_os": "Bat coronavirus Rp3/2004",
            "hit_uni_de": "Replicase polyprotein 1ab",
            "hit_uni_os": "Bat coronavirus Rp3/2004",
            "hit_uni_ox": "349344",
            "hit_uni_gn": "rep",
            "hit_uni_pe": "3",
            "hit_uni_sv": "1",
            "hit_len": 7071,
            "hit_hsps": [
                {
                    "hsp_num": 1,
                    "hsp_score": 105,
                    "hsp_bit_score": 45.1,
                    "hsp_expect": 3.1e-06,
                    "hsp_align_len": 27,
                    "hsp_identity": 70.4,
                    "hsp_positive": 85.2,
                    "hsp_gaps": 0,
                    "hsp_query_frame": "0",
                    "hsp_hit_frame": "0",
                    "hsp_strand": "none/none",
                    "hsp_query_from": 13,
                    "hsp_query_to": 39,
                    "hsp_hit_from": 1095,
                    "hsp_hit_to": 1121,
                    "hsp_qseq": "GPNVNKGEDIQLLKSAYENFNQHEVHL",
                    "hsp_mseq": "GPN+N GEDIQLLK+AYENFN  ++ L",
                    "hsp_hseq": "GPNLNAGEDIQLLKAAYENFNSQDILL"
                }
            ]
        },
        {
            "hit_num": 6,
            "hit_def": "SP:P0C6X7 R1AB_SARS Replicase polyprotein 1ab OS=Severe acute respiratory syndrome coronavirus OX=694009 GN=rep PE=1 SV=1",
            "hit_db": "SP",
            "hit_id": "R1AB_SARS",
            "hit_acc": "P0C6X7",
            "hit_desc": "Replicase polyprotein 1ab OS=Severe acute respiratory syndrome coronavirus OX=694009 GN=rep PE=1 SV=1",
            "hit_url": "https://www.uniprot.org/uniprot/P0C6X7",
            "hit_xref_url": "https://www.ebi.ac.uk/ebisearch/search.ebi?db=uniprot&query=P0C6X7",
            "hit_dbfetch_url": "https://www.ebi.ac.uk/Tools/dbfetch/dbfetch?style=raw;db=uniprot;id=P0C6X7",
            "hit_os": "Severe acute respiratory syndrome coronavirus",
            "hit_uni_de": "Replicase polyprotein 1ab",
            "hit_uni_os": "Severe acute respiratory syndrome coronavirus",
            "hit_uni_ox": "694009",
            "hit_uni_gn": "rep",
            "hit_uni_pe": "1",
            "hit_uni_sv": "1",
            "hit_len": 7073,
            "hit_hsps": [
                {
                    "hsp_num": 1,
                    "hsp_score": 105,
                    "hsp_bit_score": 45.1,
                    "hsp_expect": 3.1e-06,
                    "hsp_align_len": 27,
                    "hsp_identity": 70.4,
                    "hsp_positive": 85.2,
                    "hsp_gaps": 0,
                    "hsp_query_frame": "0",
                    "hsp_hit_frame": "0",
                    "hsp_strand": "none/none",
                    "hsp_query_from": 13,
                    "hsp_query_to": 39,
                    "hsp_hit_from": 1097,
                    "hsp_hit_to": 1123,
                    "hsp_qseq": "GPNVNKGEDIQLLKSAYENFNQHEVHL",
                    "hsp_mseq": "GPN+N GEDIQLLK+AYENFN  ++ L",
                    "hsp_hseq": "GPNLNAGEDIQLLKAAYENFNSQDILL"
                }
            ]
        },
        {
            "hit_num": 7,
            "hit_def": "SP:P0C6F8 R1A_BCHK3 Replicase polyprotein 1a OS=Bat coronavirus HKU3 OX=442736 GN=1a PE=3 SV=1",
            "hit_db": "SP",
            "hit_id": "R1A_BCHK3",
            "hit_acc": "P0C6F8",
            "hit_desc": "Replicase polyprotein 1a OS=Bat coronavirus HKU3 OX=442736 GN=1a PE=3 SV=1",
            "hit_url": "https://www.uniprot.org/uniprot/P0C6F8",
            "hit_xref_url": "https://www.ebi.ac.uk/ebisearch/search.ebi?db=uniprot&query=P0C6F8",
            "hit_dbfetch_url": "https://www.ebi.ac.uk/Tools/dbfetch/dbfetch?style=raw;db=uniprot;id=P0C6F8",
            "hit_os": "Bat coronavirus HKU3",
            "hit_uni_de": "Replicase polyprotein 1a",
            "hit_uni_os": "Bat coronavirus HKU3",
            "hit_uni_ox": "442736",
            "hit_uni_gn": "1a",
            "hit_uni_pe": "3",
            "hit_uni_sv": "1",
            "hit_len": 4376,
            "hit_hsps": [
                {
                    "hsp_num": 1,
                    "hsp_score": 103,
                    "hsp_bit_score": 44.3,
                    "hsp_expect": 5.8e-06,
                    "hsp_align_len": 27,
                    "hsp_identity": 70.4,
                    "hsp_positive": 81.5,
                    "hsp_gaps": 0,
                    "hsp_query_frame": "0",
                    "hsp_hit_frame": "0",
                    "hsp_strand": "none/none",
                    "hsp_query_from": 13,
                    "hsp_query_to": 39,
                    "hsp_hit_from": 1092,
                    "hsp_hit_to": 1118,
                    "hsp_qseq": "GPNVNKGEDIQLLKSAYENFNQHEVHL",
                    "hsp_mseq": "GPN+N GED+QLLK AYENFN  +V L",
                    "hsp_hseq": "GPNLNAGEDVQLLKRAYENFNSQDVLL"
                }
            ]
        },
        {
            "hit_num": 8,
            "hit_def": "SP:P0C6W2 R1AB_BCHK3 Replicase polyprotein 1ab OS=Bat coronavirus HKU3 OX=442736 GN=rep PE=3 SV=1",
            "hit_db": "SP",
            "hit_id": "R1AB_BCHK3",
            "hit_acc": "P0C6W2",
            "hit_desc": "Replicase polyprotein 1ab OS=Bat coronavirus HKU3 OX=442736 GN=rep PE=3 SV=1",
            "hit_url": "https://www.uniprot.org/uniprot/P0C6W2",
            "hit_xref_url": "https://www.ebi.ac.uk/ebisearch/search.ebi?db=uniprot&query=P0C6W2",
            "hit_dbfetch_url": "https://www.ebi.ac.uk/Tools/dbfetch/dbfetch?style=raw;db=uniprot;id=P0C6W2",
            "hit_os": "Bat coronavirus HKU3",
            "hit_uni_de": "Replicase polyprotein 1ab",
            "hit_uni_os": "Bat coronavirus HKU3",
            "hit_uni_ox": "442736",
            "hit_uni_gn": "rep",
            "hit_uni_pe": "3",
            "hit_uni_sv": "1",
            "hit_len": 7067,
            "hit_hsps": [
                {
                    "hsp_num": 1,
                    "hsp_score": 103,
                    "hsp_bit_score": 44.3,
                    "hsp_expect": 5.8e-06,
                    "hsp_align_len": 27,
                    "hsp_identity": 70.4,
                    "hsp_positive": 81.5,
                    "hsp_gaps": 0,
                    "hsp_query_frame": "0",
                    "hsp_hit_frame": "0",
                    "hsp_strand": "none/none",
                    "hsp_query_from": 13,
                    "hsp_query_to": 39,
                    "hsp_hit_from": 1092,
                    "hsp_hit_to": 1118,
                    "hsp_qseq": "GPNVNKGEDIQLLKSAYENFNQHEVHL",
                    "hsp_mseq": "GPN+N GED+QLLK AYENFN  +V L",
                    "hsp_hseq": "GPNLNAGEDVQLLKRAYENFNSQDVLL"
                }
            ]
        },
        {
            "hit_num": 9,
            "hit_def": "SP:P0C6F5 R1A_BC279 Replicase polyprotein 1a OS=Bat coronavirus 279/2005 OX=389167 GN=1a PE=3 SV=1",
            "hit_db": "SP",
            "hit_id": "R1A_BC279",
            "hit_acc": "P0C6F5",
            "hit_desc": "Replicase polyprotein 1a OS=Bat coronavirus 279/2005 OX=389167 GN=1a PE=3 SV=1",
            "hit_url": "https://www.uniprot.org/uniprot/P0C6F5",
            "hit_xref_url": "https://www.ebi.ac.uk/ebisearch/search.ebi?db=uniprot&query=P0C6F5",
            "hit_dbfetch_url": "https://www.ebi.ac.uk/Tools/dbfetch/dbfetch?style=raw;db=uniprot;id=P0C6F5",
            "hit_os": "Bat coronavirus 279/2005",
            "hit_uni_de": "Replicase polyprotein 1a",
            "hit_uni_os": "Bat coronavirus 279/2005",
            "hit_uni_ox": "389167",
            "hit_uni_gn": "1a",
            "hit_uni_pe": "3",
            "hit_uni_sv": "1",
            "hit_len": 4388,
            "hit_hsps": [
                {
                    "hsp_num": 1,
                    "hsp_score": 99,
                    "hsp_bit_score": 42.7,
                    "hsp_expect": 2e-05,
                    "hsp_align_len": 27,
                    "hsp_identity": 66.7,
                    "hsp_positive": 81.5,
                    "hsp_gaps": 0,
                    "hsp_query_frame": "0",
                    "hsp_hit_frame": "0",
                    "hsp_strand": "none/none",
                    "hsp_query_from": 13,
                    "hsp_query_to": 39,
                    "hsp_hit_from": 1095,
                    "hsp_hit_to": 1121,
                    "hsp_qseq": "GPNVNKGEDIQLLKSAYENFNQHEVHL",
                    "hsp_mseq": "GPN+N GED+QLLK+AY NFN  +V L",
                    "hsp_hseq": "GPNLNAGEDVQLLKAAYANFNSQDVLL"
                }
            ]
        },
        {
            "hit_num": 10,
            "hit_def": "SP:P0C6V9 R1AB_BC279 Replicase polyprotein 1ab OS=Bat coronavirus 279/2005 OX=389167 GN=rep PE=3 SV=1",
            "hit_db": "SP",
            "hit_id": "R1AB_BC279",
            "hit_acc": "P0C6V9",
            "hit_desc": "Replicase polyprotein 1ab OS=Bat coronavirus 279/2005 OX=389167 GN=rep PE=3 SV=1",
            "hit_url": "https://www.uniprot.org/uniprot/P0C6V9",
            "hit_xref_url": "https://www.ebi.ac.uk/ebisearch/search.ebi?db=uniprot&query=P0C6V9",
            "hit_dbfetch_url": "https://www.ebi.ac.uk/Tools/dbfetch/dbfetch?style=raw;db=uniprot;id=P0C6V9",
            "hit_os": "Bat coronavirus 279/2005",
            "hit_uni_de": "Replicase polyprotein 1ab",
            "hit_uni_os": "Bat coronavirus 279/2005",
            "hit_uni_ox": "389167",
            "hit_uni_gn": "rep",
            "hit_uni_pe": "3",
            "hit_uni_sv": "1",
            "hit_len": 7079,
            "hit_hsps": [
                {
                    "hsp_num": 1,
                    "hsp_score": 99,
                    "hsp_bit_score": 42.7,
                    "hsp_expect": 2e-05,
                    "hsp_align_len": 27,
                    "hsp_identity": 66.7,
                    "hsp_positive": 81.5,
                    "hsp_gaps": 0,
                    "hsp_query_frame": "0",
                    "hsp_hit_frame": "0",
                    "hsp_strand": "none/none",
                    "hsp_query_from": 13,
                    "hsp_query_to": 39,
                    "hsp_hit_from": 1095,
                    "hsp_hit_to": 1121,
                    "hsp_qseq": "GPNVNKGEDIQLLKSAYENFNQHEVHL",
                    "hsp_mseq": "GPN+N GED+QLLK+AY NFN  +V L",
                    "hsp_hseq": "GPNLNAGEDVQLLKAAYANFNSQDVLL"
                }
            ]
        }
    ]
}