{
    "program": "blastp",
    "version": "BLASTP 2.16.0+",
    "command": "singularity exec $APPBIN/singularity/ncbiblast:2.16.0 /ncbiblast/bin/blastp -db &quot;uniprotkb_swissprot&quot; -query ncbiblast-I20241218-224630-0759-13640917-p1m.sequence  -num_threads 32 -outfmt 11 -out ncbiblast-I20241218-224630-0759-13640917-p1m.archive -matrix BLOSUM62 -max_target_seqs 50 -evalue 10 -max_hsps 100 -gapopen 11 -gapextend 1 -seg no -word_size 6 -comp_based_stats F",
    "query_def": "EMBOSS_001",
    "query_stype": "protein",
    "query_len": 53,
    "db_count": 1,
    "db_num": 572619,
    "db_len": 207431389,
    "dbs": [
        {
            "name": "uniprotkb_swissprot",
            "stype": "protein",
            "created": "2024-11-19T02:27:00+00:00"
        }
    ],
    "alignments": 50,
    "scores": 50,
    "expect_upper": 10.0,
    "filter": "F",
    "gap_extend": 1.0,
    "gap_open": 11.0,
    "matrix": "BLOSUM62",
    "start": "2024-12-18T22:46:30+00:00",
    "end": "2024-12-18T22:46:36+00:00",
    "search": "P0Y0M0DT0H0M6.000S",
    "hits": [
        {
            "hit_num": 1,
            "hit_def": "SP:P0DTC2 SPIKE_SARS2 Spike glycoprotein OS=Severe acute respiratory syndrome coronavirus 2 OX=2697049 GN=S PE=1 SV=1",
            "hit_db": "SP",
            "hit_id": "SPIKE_SARS2",
            "hit_acc": "P0DTC2",
            "hit_desc": "Spike glycoprotein OS=Severe acute respiratory syndrome coronavirus 2 OX=2697049 GN=S PE=1 SV=1",
            "hit_url": "https://www.uniprot.org/uniprot/P0DTC2",
            "hit_xref_url": "https://www.ebi.ac.uk/ebisearch/search.ebi?db=uniprot&query=P0DTC2",
            "hit_dbfetch_url": "https://www.ebi.ac.uk/Tools/dbfetch/dbfetch?style=raw;db=uniprot;id=P0DTC2",
            "hit_os": "Severe acute respiratory syndrome coronavirus 2",
            "hit_uni_de": "Spike glycoprotein",
            "hit_uni_os": "Severe acute respiratory syndrome coronavirus 2",
            "hit_uni_ox": "2697049",
            "hit_uni_gn": "S",
            "hit_uni_pe": "1",
            "hit_uni_sv": "1",
            "hit_len": 1273,
            "hit_hsps": [
                {
                    "hsp_num": 1,
                    "hsp_score": 75,
                    "hsp_bit_score": 33.5,
                    "hsp_expect": 0.036,
                    "hsp_align_len": 14,
                    "hsp_identity": 100.0,
                    "hsp_positive": 100.0,
                    "hsp_gaps": 0,
                    "hsp_query_frame": "0",
                    "hsp_hit_frame": "0",
                    "hsp_strand": "none/none",
                    "hsp_query_from": 27,
                    "hsp_query_to": 40,
                    "hsp_hit_from": 467,
                    "hsp_hit_to": 480,
                    "hsp_qseq": "DISTEIYQAGSTPC",
                    "hsp_mseq": "DISTEIYQAGSTPC",
                    "hsp_hseq": "DISTEIYQAGSTPC"
                }
            ]
        }
    ]
}