{
    "program": "blastp",
    "version": "BLASTP 2.16.0+",
    "command": "singularity exec $APPBIN/singularity/ncbiblast:2.16.0 /ncbiblast/bin/blastp -db &quot;uniprotkb_swissprot&quot; -query ncbiblast-I20241218-080830-0133-90977144-p1m.sequence  -num_threads 32 -outfmt 11 -out ncbiblast-I20241218-080830-0133-90977144-p1m.archive -matrix BLOSUM62 -max_target_seqs 50 -evalue 10 -max_hsps 100 -gapopen 11 -gapextend 1 -seg no -word_size 6 -comp_based_stats F",
    "query_def": "EMBOSS_001",
    "query_stype": "protein",
    "query_len": 64,
    "db_count": 1,
    "db_num": 572619,
    "db_len": 207431389,
    "dbs": [
        {
            "name": "uniprotkb_swissprot",
            "stype": "protein",
            "created": "2024-11-19T02:27:00+00:00"
        }
    ],
    "alignments": 50,
    "scores": 50,
    "expect_upper": 10.0,
    "filter": "F",
    "gap_extend": 1.0,
    "gap_open": 11.0,
    "matrix": "BLOSUM62",
    "start": "2024-12-18T08:08:30+00:00",
    "end": "2024-12-18T08:08:39+00:00",
    "search": "P0Y0M0DT0H0M9.000S",
    "hits": [
        {
            "hit_num": 1,
            "hit_def": "SP:P59045 NAL11_HUMAN NACHT, LRR and PYD domains-containing protein 11 OS=Homo sapiens OX=9606 GN=NLRP11 PE=1 SV=2",
            "hit_db": "SP",
            "hit_id": "NAL11_HUMAN",
            "hit_acc": "P59045",
            "hit_desc": "NACHT, LRR and PYD domains-containing protein 11 OS=Homo sapiens OX=9606 GN=NLRP11 PE=1 SV=2",
            "hit_url": "https://www.uniprot.org/uniprot/P59045",
            "hit_xref_url": "https://www.ebi.ac.uk/ebisearch/search.ebi?db=uniprot&query=P59045",
            "hit_dbfetch_url": "https://www.ebi.ac.uk/Tools/dbfetch/dbfetch?style=raw;db=uniprot;id=P59045",
            "hit_os": "Homo sapiens",
            "hit_uni_de": "NACHT, LRR and PYD domains-containing protein 11",
            "hit_uni_os": "Homo sapiens",
            "hit_uni_ox": "9606",
            "hit_uni_gn": "NLRP11",
            "hit_uni_pe": "1",
            "hit_uni_sv": "2",
            "hit_len": 1033,
            "hit_hsps": [
                {
                    "hsp_num": 1,
                    "hsp_score": 65,
                    "hsp_bit_score": 29.6,
                    "hsp_expect": 1.3,
                    "hsp_align_len": 19,
                    "hsp_identity": 57.9,
                    "hsp_positive": 73.7,
                    "hsp_gaps": 0,
                    "hsp_query_frame": "0",
                    "hsp_hit_frame": "0",
                    "hsp_strand": "none/none",
                    "hsp_query_from": 22,
                    "hsp_query_to": 40,
                    "hsp_hit_from": 772,
                    "hsp_hit_to": 790,
                    "hsp_qseq": "HLNCLMVLLLYVKCCLTEN",
                    "hsp_mseq": "H NC ++ L+ V CCLTEN",
                    "hsp_hseq": "HPNCTLISLVLVFCCLTEN"
                }
            ]
        }
    ]
}